{"Test accuracy": 0.9285714030265808, "Test loss": 0.19236478209495544, "_timestamp": 1720282368.6351988, "_runtime": 20.12166976928711, "_step": 0, "_wandb": {"runtime": 16}}