{"0": "0.9904761904761905", "_timestamp": 1720282844.5140238, "_runtime": 209.1715738773346, "_step": 1, "1": "0.6753246753246753", "_wandb": {"runtime": 12}}